{
  "historical_basic": {
    "mean": 12169.924305126044,
    "std": 7081.123141944448,
    "var": 50142304.95138122,
    "skew": 1.2160801050688363,
    "kurtosis": 4.5570654797589505
  },
  "synthetic_basic": {
    "mean": 12132.58429842349,
    "std": 7070.894139093911,
    "var": 49997543.926272616,
    "skew": 1.3232944255889612,
    "kurtosis": 5.356658006421786
  },
  "year_types_freq": {
    "特丰水年": 0.2321,
    "丰水年": 0.0836,
    "平水年": 0.3029,
    "枯水年": 0.1896,
    "特枯水年": 0.1918
  }
}