{
  "historical_basic": {
    "mean": 12169.924305126044,
    "std": 7081.123141944448,
    "var": 50142304.95138122,
    "skew": 1.2160801050688363,
    "kurtosis": 4.5570654797589505
  },
  "synthetic_basic": {
    "mean": 12242.223983752163,
    "std": 8320.488398600917,
    "var": 69230527.19125246,
    "skew": 1.8807326278851082,
    "kurtosis": 8.18782255859826
  },
  "year_types_freq": {
    "特丰水年": 0.2321,
    "丰水年": 0.0836,
    "平水年": 0.3029,
    "枯水年": 0.1896,
    "特枯水年": 0.1918
  }
}